<application>
  <component name="ProjectJdkTable">
    <jdk version="2">
      <name value="Remote Python 3.6.7 (sftp://eran@212.150.245.29:22/opt/miniconda3/bin/python)" />
      <type value="Python SDK" />
      <version value="Python 3.6.7" />
      <homePath value="sftp://eran@212.150.245.29:22/opt/miniconda3/bin/python" />
      <roots>
        <classPath>
          <root type="composite">
            <root url="file://$USER_HOME$/.PyCharm2018.3/system/remote_sources/-1512559875/893477427" type="simple" />
            <root url="file://$USER_HOME$/.PyCharm2018.3/system/remote_sources/-1512559875/-1171742212" type="simple" />
            <root url="file://$USER_HOME$/.PyCharm2018.3/system/remote_sources/-1512559875/533444064" type="simple" />
            <root url="file://$USER_HOME$/.PyCharm2018.3/system/remote_sources/-1512559875/387951535" type="simple" />
            <root url="jar://$USER_HOME$/.PyCharm2018.3/system/remote_sources/-1512559875/tftb-0.0.1-py3.6.egg!/" type="simple" />
            <root url="file://$USER_HOME$/.PyCharm2018.3/system/remote_sources/-1512559875/-1765953144" type="simple" />
            <root url="file://$USER_HOME$/.PyCharm2018.3/system/python_stubs/-1512559875" type="simple" />
            <root url="file://$APPLICATION_HOME_DIR$/helpers/python-skeletons" type="simple" />
            <root url="file://$APPLICATION_HOME_DIR$/helpers/typeshed/stdlib/3" type="simple" />
            <root url="file://$APPLICATION_HOME_DIR$/helpers/typeshed/stdlib/2and3" type="simple" />
            <root url="file://$APPLICATION_HOME_DIR$/helpers/typeshed/third_party/3" type="simple" />
            <root url="file://$APPLICATION_HOME_DIR$/helpers/typeshed/third_party/2and3" type="simple" />
          </root>
        </classPath>
        <sourcePath>
          <root type="composite" />
        </sourcePath>
      </roots>
      <additional WEB_SERVER_CONFIG_ID="004142c5-4c76-4ba6-93c1-d8d8253e85ed" WEB_SERVER_CONFIG_NAME="ariel-centos" WEB_SERVER_CREDENTIALS_ID="sftp://eran@212.150.245.29:22" INTERPRETER_PATH="/opt/miniconda3/bin/python" HELPERS_PATH="/home/eran/.pycharm_helpers" INITIALIZED="false" VALID="true" SKELETONS_PATH="" VERSION="">
        <PathMappingSettings>
          <option name="pathMappings">
            <list>
              <mapping local-root="$USER_HOME$/.PyCharm2018.3/system/remote_sources/-1512559875/893477427" remote-root="/opt/rh/llvm-toolset-6.0/root/usr/lib/python2.7/site-packages" />
              <mapping local-root="$USER_HOME$/.PyCharm2018.3/system/remote_sources/-1512559875/-1171742212" remote-root="/opt/miniconda3/lib/python3.6" />
              <mapping local-root="$USER_HOME$/.PyCharm2018.3/system/remote_sources/-1512559875/533444064" remote-root="/opt/miniconda3/lib/python3.6/site-packages" />
              <mapping local-root="$USER_HOME$/.PyCharm2018.3/system/remote_sources/-1512559875/387951535" remote-root="/opt/miniconda3/lib/python3.6/site-packages/Mako-1.0.4-py3.6.egg" />
              <mapping local-root="$USER_HOME$/.PyCharm2018.3/system/remote_sources/-1512559875/tftb-0.0.1-py3.6.egg" remote-root="/opt/miniconda3/lib/python3.6/site-packages/tftb-0.0.1-py3.6.egg" />
              <mapping local-root="$USER_HOME$/.PyCharm2018.3/system/remote_sources/-1512559875/-1765953144" remote-root="/opt/miniconda3/lib/python3.6/site-packages/reikna-0.8.0+dev.unknown-py3.6.egg" />
            </list>
          </option>
        </PathMappingSettings>
      </additional>
    </jdk>
    <jdk version="2">
      <name value="Python 3.7" />
      <type value="Python SDK" />
      <version value="Python 3.7.3" />
      <homePath value="C:\Users\Eran\AppData\Local\Programs\Python\Python37-32\python.exe" />
      <roots>
        <classPath>
          <root type="composite">
            <root url="file://$USER_HOME$/AppData/Local/Programs/Python/Python37-32/DLLs" type="simple" />
            <root url="file://$USER_HOME$/AppData/Local/Programs/Python/Python37-32/Lib" type="simple" />
            <root url="file://$USER_HOME$/AppData/Local/Programs/Python/Python37-32" type="simple" />
            <root url="file://$USER_HOME$/AppData/Local/Programs/Python/Python37-32/Lib/site-packages" type="simple" />
            <root url="file://$USER_HOME$/.PyCharm2018.3/system/python_stubs/-707081324" type="simple" />
            <root url="file://$APPLICATION_HOME_DIR$/helpers/python-skeletons" type="simple" />
            <root url="file://$APPLICATION_HOME_DIR$/helpers/typeshed/stdlib/3" type="simple" />
            <root url="file://$APPLICATION_HOME_DIR$/helpers/typeshed/stdlib/2and3" type="simple" />
            <root url="file://$APPLICATION_HOME_DIR$/helpers/typeshed/third_party/3" type="simple" />
            <root url="file://$APPLICATION_HOME_DIR$/helpers/typeshed/third_party/2and3" type="simple" />
          </root>
        </classPath>
        <sourcePath>
          <root type="composite" />
        </sourcePath>
      </roots>
      <additional />
    </jdk>
  </component>
</application>