<application>
  <component name="PyTestFrameworkService">
    <option name="SDK_TO_PYTEST">
      <map>
        <entry key="C:\Users\Eran\AppData\Local\Programs\Python\Python37-32\python.exe" value="false" />
        <entry key="sftp://eran@212.150.245.29:22/opt/miniconda3/bin/python" value="true" />
        <entry key="sftp://eran@212.150.245.29:22/usr/bin/python" value="false" />
      </map>
    </option>
    <option name="SDK_TO_NOSETEST">
      <map>
        <entry key="C:\Users\Eran\AppData\Local\Programs\Python\Python37-32\python.exe" value="false" />
        <entry key="sftp://eran@212.150.245.29:22/opt/miniconda3/bin/python" value="false" />
        <entry key="sftp://eran@212.150.245.29:22/usr/bin/python" value="false" />
      </map>
    </option>
    <option name="SDK_TO_TRIALTEST">
      <map>
        <entry key="C:\Users\Eran\AppData\Local\Programs\Python\Python37-32\python.exe" value="false" />
        <entry key="sftp://eran@212.150.245.29:22/opt/miniconda3/bin/python" value="false" />
        <entry key="sftp://eran@212.150.245.29:22/usr/bin/python" value="false" />
      </map>
    </option>
  </component>
</application>