<application>
  <component name="WebServers">
    <option name="servers">
      <webServer id="004142c5-4c76-4ba6-93c1-d8d8253e85ed" name="ariel-centos" url="http://212.150.245.29">
        <fileTransfer host="212.150.245.29" port="22" rootFolder="/home/eran" accessType="SFTP">
          <advancedOptions>
            <advancedOptions dataProtectionLevel="Private" passiveMode="true" shareSSLContext="true" />
          </advancedOptions>
          <option name="port" value="22" />
        </fileTransfer>
      </webServer>
    </option>
  </component>
</application>